date,APPLE,IBM,MICROSOFT,SALESFORCE,VISA
2017-04-24,33.904781,121.684982,63.038235,84.169998,88.950638
2017-04-25,34.114849,121.412437,63.402267,84.75,89.202454
2017-04-26,33.914227,121.162651,63.318272,84.949997,88.921585
2017-04-27,33.940201,121.359489,63.729004,85.849998,88.708534
2017-04-28,33.907143,121.3368,63.906349,86.120003,88.340523
2017-05-01,34.598732,120.239182,64.793198,86.660004,88.379257
2017-05-02,34.81826,120.435959,64.690498,87.089996,89.618866
2017-05-03,34.712044,120.080185,64.48513,86.550003,89.522018
2017-05-04,34.586941,120.398132,64.233101,86.519997,89.696335
2017-05-05,35.160515,117.370186,64.410446,86.970001,89.183052
2017-05-08,36.116478,116.972702,64.354454,86.860001,89.018417
2017-05-09,36.347794,116.269485,64.447784,87.129997,89.095886
2017-05-10,36.175472,115.612122,64.699829,87.309998,89.338005
2017-05-11,36.48835,115.153488,63.906349,87.709999,89.192749
2017-05-12,36.997921,114.939468,63.831696,89.040001,89.802849
2017-05-15,36.903122,115.810852,63.878368,89.800003,90.287086
2017-05-16,36.84861,117.469559,65.164574,89.75,90.20961
2017-05-17,35.611389,115.367508,63.352608,87.839996,89.021156
2017-05-18,36.154152,115.252861,63.56855,87.75,88.972633
2017-05-19,36.277409,116.17012,63.549778,87.400002,89.719658
2017-05-22,36.497837,116.674599,64.26329,88.940002,90.524879
2017-05-23,36.452797,116.208321,64.47924,88.489998,91.058472
2017-05-24,36.343765,116.575256,64.563713,89.599998,91.980125
2017-05-25,36.469387,117.102638,65.361725,91.269997,92.203255
2017-05-26,36.407757,116.559959,65.680939,90.830002,91.844307
2017-05-30,36.421982,115.979012,66.103401,90.860001,91.892815
2017-05-31,36.206303,116.666962,65.568268,89.639999,92.387604
2017-06-01,36.305851,116.697533,65.812363,90.050003,92.552498
2017-06-02,36.843864,116.223625,67.370842,90.860001,93.280136
2017-06-05,36.483601,116.498772,67.859032,91.379997,93.668198
2017-06-06,36.606846,116.468224,68.084358,91.099998,92.93087
2017-06-07,36.824902,115.405754,67.962303,91.389999,93.221893
2017-06-08,36.734837,116.261848,67.54921,91.25,93.221893
2017-06-09,35.310383,117.790611,66.018906,87.269997,91.737587
2017-06-12,34.466606,118.616135,65.511948,86.18,90.709244
2017-06-13,34.743923,117.905251,66.328735,87.269997,92.242065
2017-06-14,34.404991,117.568901,65.971962,87.169998,92.474892
2017-06-15,34.198784,117.882332,65.624588,86.269997,91.359215
2017-06-16,33.72002,118.769012,65.718483,86,91.359215
2017-06-19,34.684666,118.356216,66.535263,87.540001,91.960724
2017-06-20,34.369442,118.440308,65.633972,86.919998,91.56295
2017-06-21,34.573273,117.553642,65.971962,87.559998,91.71817
2017-06-22,34.516388,118.019905,65.962578,88.470001,91.14579
2017-06-23,34.670437,117.798248,66.854454,88.620003,92.72715
2017-06-26,34.56142,118.654335,66.216064,88.110001,92.377884
2017-06-27,34.066063,118.287422,64.976799,87.68,92.067459
2017-06-28,34.563786,118.723137,65.530708,88.089996,93.35775
2017-06-29,34.054214,117.813522,64.300835,86.800003,91.601761
2017-06-30,34.134792,117.584213,64.713921,86.599998,90.980865
2017-07-03,34.011547,118.921883,64.000404,86.099998,90.563698
2017-07-05,34.151382,117.461922,64.854759,87.5,91.204002
2017-07-06,33.829044,116.460579,64.375931,86.849998,90.466698
2017-07-07,34.172707,116.903923,65.211502,87.919998,91.116692
2017-07-10,34.381283,117.270813,65.699707,88.5,92.25177
2017-07-11,34.492687,117.095024,65.709084,88.349998,92.562218
2017-07-12,34.542465,117.484833,66.798149,90.400002,93.309242
2017-07-13,35.02359,117.431328,67.380219,89.57,93.076401
2017-07-14,35.3246,117.897614,68.328453,90,94.036842
2017-07-17,35.447849,116.95742,68.863571,89.290001,93.939842
2017-07-18,35.571106,117.714165,68.816635,89.269997,94.667442
2017-07-19,35.793896,112.768631,69.342377,89.559998,95.317436
2017-07-20,35.632717,112.867996,69.680374,90.540001,95.18161
2017-07-21,35.616131,112.42466,69.27668,89.690002,96.627144
2017-07-24,36.047493,111.591515,69.098297,89.669998,97.374176
2017-07-25,36.201565,111.744392,69.652206,90.629997,97.005508
2017-07-26,36.372211,111.10994,69.520775,91.07,97.839828
2017-07-27,35.684872,110.888268,68.685226,90.510002,96.598053
2017-07-28,35.433628,110.292053,68.57254,90.620003,96.190582
2017-07-31,35.251118,110.58252,68.253326,90.800003,96.588348
2017-08-01,35.563988,111.064079,68.140678,91.220001,97.859261
2017-08-02,37.244423,110.414345,67.84024,89.889999,98.257019
2017-08-03,36.872307,110.788918,67.736961,90.349998,97.587601
2017-08-04,37.066666,110.957069,68.234558,90.449997,97.878639
2017-08-07,37.640232,109.665291,67.971672,90.5,98.460732
2017-08-08,37.94125,109.773415,68.337822,90.260002,98.257019
2017-08-09,38.173508,109.510765,68.037399,90.120003,97.956253
2017-08-10,36.957626,109.56485,67.042244,87.629997,96.520432
2017-08-11,37.471577,109.56485,68.065559,88.290001,97.102501
2017-08-14,38.035515,109.935638,69.08889,90.25,98.829407
2017-08-15,38.451912,109.7425,69.107758,90.699997,99.566711
2017-08-16,38.297241,110.074654,69.513634,92.239998,100.39753
2017-08-17,37.562,108.68425,68.333817,90.879997,99.270332
2017-08-18,37.476337,107.911797,68.418785,90.760002,99.610443
2017-08-21,37.407337,108.39846,68.097855,91.760002,100.300362
2017-08-22,38.018852,108.923706,69.05117,92.949997,101.126305
2017-08-23,38.066441,109.796555,68.635864,93.07,100.261482
2017-08-24,37.897503,110.414543,68.607552,94.150002,100.300362
2017-08-25,38.037891,111.032509,68.730247,94.099998,100.426682
2017-08-28,38.420982,110.082382,68.739693,93.660004,100.844521
2017-08-29,38.763622,110.569038,68.947327,93.830002,100.834793
2017-08-30,38.86832,110.12101,69.853401,94.860001,100.795929
2017-08-31,39.022976,110.484077,70.570717,95.489998,100.591866
2017-09-01,39.034874,111.295158,69.787346,96.010002,100.961128
2017-09-05,38.566124,110.491798,69.475876,96.18,100.096321
2017-09-06,38.525677,111.094292,69.277672,95.82,100.261482
2017-09-07,38.37101,110.383644,70.164894,96.730003,101.602455
2017-09-08,37.745216,110.036034,69.825073,96.43,101.476128
2017-09-11,38.42812,111.897629,70.561302,97.709999,103.147476
2017-09-12,38.275841,112.592834,70.485779,96.849998,103.20578
2017-09-13,37.987911,112.770546,70.986015,95.610001,102.83654
2017-09-14,37.661934,112.422905,70.570717,95.300003,103.079475
2017-09-15,38.042648,111.866753,71.080406,94.629997,102.321533
2017-09-18,37.754726,111.658188,70.93882,95.739998,101.864807
2017-09-19,37.769009,111.534592,71.203094,95.349998,102.428421
2017-09-20,37.136078,112.685562,70.731194,95.209999,102.000862
2017-09-21,36.498386,112.206612,70.042183,94.860001,102.331238
2017-09-22,36.14146,112.106201,70.230949,94.940002,102.574158
2017-09-25,35.822628,112.677811,69.145523,92.470001,100.106003
2017-09-26,36.4389,113.210823,69.145523,92.339996,100.028282
2017-09-27,36.698261,112.515617,69.702423,93.209999,100.951416
2017-09-28,36.472202,112.515617,69.721275,92.599998,101.621902
2017-09-29,36.672077,112.067589,70.30645,93.419998,102.263229
2017-10-02,36.598324,113.288063,70.419708,93.940002,102.457565
2017-10-03,36.75774,113.380753,70.089371,95.360001,102.603317
2017-10-04,36.519794,113.149025,70.495216,95.519997,102.331238
2017-10-05,36.974277,113.334404,71.703331,95.730003,103.234917
2017-10-06,36.952862,113.149025,71.731644,96.32,103.711082
2017-10-09,37.081352,113.851952,72.005356,96.269997,103.983154
2017-10-10,37.095619,114.709389,72.005356,95.389999,104.274658
2017-10-11,37.25029,114.02961,72.128059,96.010002,105.372704
2017-10-12,37.119415,113.573875,72.788727,96.739998,105.052048
2017-10-13,37.354988,113.627953,73.137947,96.940002,105.586502
2017-10-16,38.042648,113.419373,73.288986,97.150002,105.236671
2017-10-17,38.183041,113.195374,73.232353,96.720001,104.498177
2017-10-18,38.014088,123.229568,73.251228,96.440002,104.750824
2017-10-19,37.114666,124.287811,73.53437,97.190002,103.992867
2017-10-20,37.178902,125.191605,74.383812,98.900002,104.507874
2017-10-23,37.159882,123.245003,74.402718,98.440002,104.488434
2017-10-24,37.381157,120.41011,74.431038,98.660004,105.343559
2017-10-25,37.216976,118.57164,74.213928,99.589996,106.39299
2017-10-26,37.454926,118.64888,74.336624,100.050003,106.694244
2017-10-27,38.796925,118.710701,79.10302,100.699997,106.606773
2017-10-30,39.670193,119.235954,79.178497,100.699997,106.92746
2017-10-31,40.222221,119.004234,78.508415,102.339996,106.869141
2017-11-01,39.710636,118.981041,78.508415,101.949997,107.928299
2017-11-02,40.000942,118.455788,79.329544,102.599998,107.840881
2017-11-03,41.045506,117.088554,79.41449,102.709999,108.210106
2017-11-06,41.461926,116.516914,79.72596,102.419998,108.754272
2017-11-07,41.595169,116.910889,79.53717,102.720001,108.919456
2017-11-08,41.935432,117.080826,79.810883,105.029999,109.288727
2017-11-09,41.849766,117.2603,79.367271,103.599998,108.968056
2017-11-10,41.711262,116.370834,79.159653,105.239998,108.715393
2017-11-13,41.544102,115.777916,79.216293,105.779999,108.248993
2017-11-14,40.916058,116.160202,79.329544,106.230003,108.812576
2017-11-15,40.376373,114.76371,78.712959,105.43,107.1315
2017-11-16,40.858749,116.339668,78.921661,107.029999,108.070862
2017-11-17,40.631889,116.222626,78.162796,107.580002,106.902756
2017-11-20,40.591293,117.424088,78.286087,107.370003,107.029297
2017-11-21,41.345894,118.547539,79.414925,108.800003,108.489433
2017-11-22,41.780514,118.407104,78.836288,106.830002,107.876183
2017-11-24,41.782902,118.461716,78.978569,107.150002,108.995644
2017-11-27,41.572754,118.570953,79.55719,106.580002,109.394737
2017-11-28,41.329193,118.953247,80.515251,106.459999,110.348732
2017-11-29,40.471886,119.795815,79.054451,103.529999,106.941689
2017-11-30,41.037846,120.123505,79.841759,104.32,109.599174
2017-12-01,40.846809,120.739838,79.927147,103.830002,107.788589
2017-12-04,40.548309,122.066132,76.910652,99.849998,104.576233
2017-12-05,40.510109,121.200134,77.394447,100.690002,105.695694
2017-12-06,40.359642,120.224945,78.523239,102.919998,106.824875
2017-12-07,40.433689,119.811401,78.248161,104.07,108.440773
2017-12-08,40.445621,120.778854,79.832291,103.440002,109.608917
2017-12-11,41.233662,121.246918,80.847267,104.540001,109.385017
2017-12-12,41.002026,122.284569,81.179253,103.669998,110.44606
2017-12-13,41.138142,120.076691,80.961098,103.940002,110.300034
2017-12-14,41.126202,120.146904,80.335022,104.239998,109.920403
2017-12-15,41.544102,118.976639,82.383957,105.480003,110.796494
2017-12-18,42.129166,119.624176,81.938118,105.080002,110.533669
2017-12-19,41.680218,119.546196,81.416412,104.260002,109.161125
2017-12-20,41.634846,119.327736,81.122337,103.389999,109.141655
2017-12-21,41.792454,118.196457,81.103386,103.620003,109.42395
2017-12-22,41.792454,118.976639,81.112854,102.629997,109.696518
2017-12-26,40.732182,119.234123,81.008507,102.540001,109.988518
2017-12-27,40.739353,119.468117,81.302574,102.650002,110.991173
2017-12-28,40.853973,120.178116,81.312065,102.790001,111.312431
2017-12-29,40.412186,119.694389,81.141327,102.230003,110.991173
2018-01-02,41.135754,120.341919,81.530235,104.410004,111.468163
2018-01-03,41.12859,123.649879,81.90966,105.290001,112.577881
2018-01-04,41.319626,126.154243,82.630585,106.68,112.996468
2018-01-05,41.790062,126.770576,83.65506,108.099998,115.702606
2018-01-08,41.634846,127.535172,83.740425,108.860001,116.169853
2018-01-09,41.630066,127.81601,83.683502,109.150002,115.945984
2018-01-10,41.620522,128.089111,83.304077,108.800003,115.819435
2018-01-11,41.856926,128.104691,83.550697,109.099998,116.656578
2018-01-12,42.289169,127.277725,84.992554,110.239998,116.899925
2018-01-16,42.074238,127.83165,83.806824,108.889999,117.191994
2018-01-17,42.76915,131.576447,85.504791,110.040001,118.739716
2018-01-18,42.807358,131.94313,85.466812,111.769997,119.839722
2018-01-19,42.616322,126.676949,85.371971,111.93,119.440605
2018-01-22,42.26767,126.856392,86.899185,112.889999,121.027313
2018-01-23,42.277214,129.704041,87.174278,113.239998,121.338814
2018-01-24,41.603802,129.017471,87.098389,112.849998,121.241463
2018-01-25,40.861134,129.095474,87.582161,111.959999,121.893661
2018-01-26,40.956654,130.554443,89.223206,113.699997,122.964439
2018-01-29,40.108902,130.133133,89.090401,113.300003,121.523758
2018-01-30,39.87249,127.652176,87.971085,112.230003,120.268028
2018-01-31,39.982349,127.7146,90.124352,113.910004,120.92997
2018-02-01,40.065933,126.700378,89.412926,112.739998,122.380394
2018-02-02,38.327465,124.07119,87.06044,110.779999,117.698143
2018-02-05,37.369881,119.000038,83.474831,107.650002,113.181412
2018-02-06,38.931637,121.19236,86.633591,109.57,116.783134
2018-02-07,38.098213,120.029877,85.002014,110.050003,116.471649
2018-02-08,37.049877,116.279678,80.63858,104.029999,110.835434
2018-02-09,37.503052,117.792366,83.645569,106.980003,113.23008
2018-02-12,39.01363,119.281425,84.546707,108.550003,115.322983
2018-02-13,39.404457,118.769287,85.210724,107.690002,115.206161
2018-02-14,40.130966,121.928596,86.544968,109.019997,117.620285
2018-02-15,41.478512,122.913429,88.308075,113.120003,119.238991
2018-02-16,41.344231,123.047348,87.67907,112.860001,118.819695
2018-02-20,41.20517,122.243744,88.36525,114.349998,118.975716
2018-02-21,41.018147,121.298317,87.193016,114.480003,117.43502
2018-02-22,41.361015,120.683792,87.421761,113,117.386238
2018-02-23,42.080334,122.527382,89.642334,114.959999,119.872826
2018-02-26,42.912357,124.93824,90.938454,116.650002,121.491547
2018-02-27,42.773281,123.33889,89.775742,116.470001,120.301895
2018-02-28,42.708542,122.771614,89.365936,116.25,119.882584
2018-03-01,41.960449,121.180145,88.489151,119.43,117.405762
2018-03-02,42.250576,121.715874,88.679764,121.919998,117.766541
2018-03-05,42.396839,123.654037,89.242035,122.5,118.848946
2018-03-06,42.36087,122.684921,88.937073,124.480003,118.049324
2018-03-07,41.967644,124.733368,89.451729,125.330002,118.819695
2018-03-08,42.42561,123.071007,89.994926,126.360001,119.180481
2018-03-09,43.154522,125.513367,92.005859,127.410004,121.413544
2018-03-12,43.571724,126.261841,92.225044,126.779999,121.150238
2018-03-13,43.152126,125.521233,89.975891,126.730003,120.136093
2018-03-14,42.785278,124.575829,89.442177,127.989998,119.531548
2018-03-15,42.835621,125.749702,89.756691,127.220001,120.340889
2018-03-16,42.68457,126.261841,90.156967,125.970001,121.433037
2018-03-19,42.032387,123.969147,88.527252,124.980003,120.145874
2018-03-20,42.017998,123.063118,88.755997,125.120003,121.803596
2018-03-21,41.06609,123.449188,88.136528,121.699997,120.155624
2018-03-22,40.485847,119.825043,85.572884,118.040001,117.005951
2018-03-23,39.548325,117.303879,83.085449,114.43,114.090309
2018-03-26,41.425762,120.833504,89.375465,118.970001,117.639778
2018-03-27,40.363552,119.683228,85.267899,113.809998,114.48037
2018-03-28,39.91758,120.163811,85.191643,112.879997,114.080559
2018-03-29,40.22929,120.880753,86.98336,116.300003,116.645134
2018-04-02,39.965534,118.233559,84.362518,115.300003,115.44574
2018-04-03,40.375542,118.060242,85.49662,116.489998,116.23558
2018-04-04,41.147621,121.424355,87.993576,119.480003,116.830421
2018-04-05,41.432949,121.353447,88.041229,119.040001,118.176102
2018-04-06,40.37315,118.627495,85.99221,116.099998,114.772896
2018-04-09,40.773579,120.297745,86.506828,117.190002,115.835793
2018-04-10,41.540844,122.42495,88.517738,119.489998,117.717789
2018-04-11,41.34663,122.40136,87.545647,119.160004,116.801178
2018-04-12,41.754242,124.536385,89.18486,121.400002,118.059074
2018-04-13,41.895721,123.464951,88.708344,119.010002,117.747063
2018-04-16,42.157066,124.394615,89.747147,119.410004,118.848946
2018-04-17,42.737328,126.773926,91.557915,123.349998,120.721199
2018-04-18,42.641415,117.225121,91.910538,124.459999,121.38427
2018-04-19,41.432949,116.366348,91.596039,124.059998,120.877228
2018-04-20,39.735348,114.160355,90.538177,122.82,121.111237
2018-04-23,39.620266,114.916695,90.871735,121.889999,121.364769
2018-04-24,39.068775,114.680336,88.746468,117.879997,118.25412
2018-04-25,39.23901,114.979729,87.97451,117.32,118.195602
2018-04-26,39.37569,115.594238,89.832932,120.830002,123.919617
2018-04-27,38.920124,115.405151,91.319649,120.220001,122.876221
2018-04-30,39.625046,114.207611,89.127678,120.989998,123.724617
2018-05-01,40.545784,114.239151,90.538177,123.110001,124.338928
2018-05-02,42.336903,112.230095,89.118156,122.82,123.237038
2018-05-03,42.413624,111.867676,89.651863,124.410004,124.017136
2018-05-04,44.077644,113.380386,90.690689,125.120003,124.972755
2018-05-07,44.396568,112.836731,91.700867,126.970001,126.045425
2018-05-08,44.609962,112.663437,91.310127,128.75,126.669502
2018-05-09,44.924057,113.603401,92.387062,129.729996,127.586098
2018-05-10,45.56665,114.901863,93.311493,130.619995,127.742142
2018-05-11,45.393349,114.822205,93.111374,130.630005,128.541748
2018-05-14,45.287437,114.949692,93.42585,127.690002,127.946922
2018-05-15,44.875851,114.503571,92.749214,128.130005,127.839668
2018-05-16,45.294662,115.212547,92.988503,128.770004,127.63488
2018-05-17,45.008232,115.108986,92.060059,126.050003,126.902351
2018-05-18,44.844551,114.774429,92.232353,126.959999,126.902351
2018-05-21,45.162281,115.897621,93.419235,126.370003,127.615364
2018-05-22,45.049156,115.578979,93.323517,125.440002,127.664177
2018-05-23,45.33799,115.244423,94.43383,128.089996,128.806915
2018-05-24,45.287437,114.766449,94.098816,128.740005,128.816696
2018-05-25,45.390942,114.423904,94.146667,127.959999,128.220871
2018-05-29,45.227264,112.49614,93.811661,126.879997,126.667938
2018-05-30,45.130985,113.611374,94.711403,129.300003,127.59581
2018-05-31,44.979347,112.567818,94.60611,129.330002,127.673943
2018-06-01,45.790504,113.07766,96.472595,130.520004,127.800911
2018-06-04,46.173218,113.945946,97.31488,132.649994,129.969208
2018-06-05,46.529453,114.47171,97.812622,134.119995,130.447739
2018-06-06,46.690716,115.276268,98.099747,135.550003,133.104355
2018-06-07,46.56554,115.79406,96.558716,132.910004,130.721252
2018-06-08,46.141918,116.415405,97.276588,133.529999,131.600266
2018-06-11,46.028793,116.76593,96.721443,133.979996,130.789612
2018-06-12,46.281521,116.996925,96.970299,136.259995,131.717453
2018-06-13,45.901222,116.582672,96.530006,136.5,131.268173
2018-06-14,45.925301,115.666603,97.0756,138.410004,131.854187
2018-06-15,45.453522,115.817924,95.840858,138.410004,131.951889
2018-06-18,45.429443,115.093048,96.539574,139.800003,133.02623
2018-06-19,44.695324,114.631012,96.539574,139.520004,131.961639
2018-06-20,44.890293,113.619331,97.506317,138.940002,132.342575
2018-06-21,44.639965,112.520027,96.807587,137.880005,131.395142
2018-06-22,44.509987,112.543922,96.108864,135.009995,132.176544
2018-06-25,43.848061,110.560387,94.175377,133.190002,127.879028
2018-06-26,44.39204,110.791405,94.835838,135.479996,129.461304
2018-06-27,44.327053,109.516846,93.361794,133.220001,127.966942
2018-06-28,44.649593,111.556137,94.405098,135.119995,129.646881
2018-06-29,44.555717,111.285301,94.385963,136.399994,129.363647
2018-07-02,45.053955,111.412743,95.726006,140.429993,129.412476
2018-07-03,44.269291,111.181732,94.807129,137.839996,128.386902
2018-07-05,44.625515,112.663414,95.48671,139.770004,130.184021
2018-07-06,45.244114,113.499847,96.826736,141.399994,130.965393
2018-07-09,45.872341,115.021362,97.48719,141.759995,132.362122
2018-07-10,45.816982,115.276268,97.745613,142.449997,133.504837
2018-07-11,45.22245,115.459496,97.611603,145.25,134.930786
2018-07-12,45.980648,116.662376,99.726944,148.160004,136.64003
2018-07-13,46.05286,116.224228,100.913811,147.610001,136.171158
2018-07-16,45.951771,115.873741,100.4161,146.960007,135.233597
2018-07-17,46.081745,114.304428,101.411545,147.020004,136.386063
2018-07-18,45.82901,115.124901,100.617096,147.839996,137.61673
2018-07-19,46.185246,118.884872,99.927948,147.160004,136.864685
2018-07-20,46.079342,116.582672,101.717834,146.869995,137.70462
2018-07-23,46.120266,116.064934,103.345024,147.559998,136.767029
2018-07-24,46.45483,116.606606,103.048294,146,136.767029
2018-07-25,46.892902,116.797806,106.08252,148.869995,139.316193
2018-07-26,46.746078,116.869476,104.924339,147.570007,139.179428
2018-07-27,45.968624,115.626762,103.067444,143.910004,137.431137
2018-07-30,45.711071,115.897621,100.856392,138.029999,133.299759
2018-07-31,45.802532,115.451515,101.535988,137.149994,133.553665
2018-08-01,48.500778,114.312378,101.727425,137.679993,135.028473
2018-08-02,49.918488,113.882195,102.962151,141.139999,135.682846
2018-08-03,50.062908,117.658112,103.412025,141.039993,136.56189
2018-08-06,50.322865,116.327797,103.498154,142.710007,136.454483
2018-08-07,49.851093,117.108452,104.216011,144.440002,137.011169
2018-08-08,49.884789,117.012848,104.799904,145.169998,137.401825
2018-08-09,50.27713,116.57,104.972191,145.820007,136.747452
2018-08-10,50.127373,116.336479,104.330894,145.509995,136.473969
2018-08-13,50.451035,114.911285,103.574738,144.449997,136.942825
2018-08-14,50.663597,115.434662,104.866905,146.570007,137.480011
2018-08-15,50.781952,115.877541,103.444847,145.039993,136.659576
2018-08-16,51.525902,117.028969,103.425644,145.729996,137.57901
2018-08-17,52.554874,117.608704,103.367989,145.020004,138.244171
2018-08-20,52.042801,117.971085,102.685783,145.710007,137.862701
2018-08-21,51.941345,117.536255,101.830635,145.529999,136.982346
2018-08-22,51.943771,116.948448,102.868332,146.460007,138.058319
2018-08-23,52.050049,117.053116,103.348778,147.830002,138.997345
2018-08-24,52.211876,117.592628,104.155899,152.300003,141.051544
2018-08-27,52.641823,118.116005,105.308899,151.679993,142.225327
2018-08-28,53.066936,118.035469,105.943047,152.990005,142.029709
2018-08-29,53.8592,118.80043,107.634155,154.800003,143.819702
2018-08-30,54.354366,117.504051,107.566887,152.139999,143.536087
2018-08-31,54.98238,117.946892,107.932037,152.679993,143.68277
2018-09-04,55.158703,117.302727,107.336288,153.210007,144.572922
2018-09-05,54.798805,118.091827,104.242355,148.649994,139.554916
2018-09-06,53.888191,117.874428,104.482559,148.830002,141.344986
2018-09-07,53.453415,117.117538,103.973328,150.429993,140.073349
2018-09-10,52.736031,117.27858,105.097511,151.320007,140.934174
2018-09-11,54.069347,117.954964,106.884697,152.839996,142.31337
2018-09-12,53.397861,118.019371,107.336288,155.369995,143.369766
2018-09-13,54.687702,119.935768,108.489326,158.179993,144.406647
2018-09-14,54.066933,119.436546,108.931297,157.490005,144.61203
2018-09-17,52.627335,119.12252,107.749451,154.919998,142.988281
2018-09-18,52.714291,119.621704,108.777565,156,144.406647
2018-09-19,52.745693,120.02433,107.326675,152.899994,144.201202
2018-09-20,53.146652,121.707222,109.123466,155.5,145.981476
2018-09-21,52.574196,121.868301,109.786453,155.520004,146.773788
2018-09-24,53.330223,120.805389,110.180412,158.779999,145.85434
2018-09-25,53.668388,119.903557,109.969017,158.869995,146.314041
2018-09-26,53.240856,122.077599,109.517426,158.330002,146.010834
2018-09-27,54.335045,121.989059,109.930573,160.429993,146.744461
2018-09-28,54.525864,121.755531,109.892151,159.029999,146.812881
2018-10-01,54.893005,123.196861,111.083595,159.860001,147.49762
2018-10-02,55.380928,123.800774,110.641594,157.259995,146.40213
2018-10-03,56.054825,123.374001,110.66082,159.100006,146.108612
2018-10-04,55.069332,121.836075,108.374016,154.899994,143.555634
2018-10-05,54.175625,120.000214,107.739838,155.070007,142.186234
2018-10-08,54.050026,119.484848,106.509956,148.649994,138.791962
2018-10-09,54.798805,118.558876,107.864761,148.5,139.202789
2018-10-10,52.260193,114.895172,102.003593,137.809998,132.56105
2018-10-11,51.79884,111.940041,101.763374,139.240005,130.81012
2018-10-12,53.649063,113.413574,105.280075,146.740005,137.001907
2018-10-15,52.501736,113.639046,103.387199,141.949997,134.233688
2018-10-16,53.658726,116.851837,106.654091,147.440002,138.645233
2018-10-17,53.426846,107.938171,106.375435,147.009995,139.339752
2018-10-18,52.17807,105.119934,104.251968,142.839996,136.248718
2018-10-19,52.972736,103.952377,104.405708,140.490005,137.021515
2018-10-22,53.29641,104.693176,105.337723,142.949997,137.569229
2018-10-23,53.798817,105.651382,103.867638,140.660004,136.082428
2018-10-24,51.953426,102.430542,98.313927,133.259995,131.328552
2018-10-25,53.091099,101.818573,104.059814,140.800003,137.451889
2018-10-26,52.245697,100.481941,102.77227,135.520004,134.732559
2018-10-29,51.265038,96.335129,99.784012,130.990005,131.397034
2018-10-30,51.521072,92.921028,99.668732,132.169998,129.861267
2018-10-31,52.864044,92.94519,102.628128,137.240005,134.840164
2018-11-01,53.675632,94.072472,101.77298,139.589996,137.755112
2018-11-02,50.115292,93.138443,102.003593,136.789993,136.727997
2018-11-05,48.692604,96.673302,103.300728,135.440002,136.747574
2018-11-06,49.21917,99.137238,103.502518,133.949997,137.715973
2018-11-07,50.711903,100.522209,107.576508,141.789993,141.618866
2018-11-08,50.534958,100.611908,107.374725,141.869995,142.059021
2018-11-09,49.560574,100.742378,105.280075,136.919998,140.787415
2018-11-12,47.064007,98.589561,102.685783,130.5,136.669342
2018-11-13,46.593765,98.540619,102.753036,132.160004,136.669342
2018-11-14,45.277626,98.018723,101.295898,129.350006,136.444366
2018-11-15,46.39502,99.029892,103.525047,132.490005,138.992157
2018-11-16,46.908875,99.135925,104.499687,132.550003,137.365463
2018-11-19,45.04977,98.108429,100.958153,121.010002,132.054291
2018-11-20,42.897396,95.572342,98.150002,120.669998,130.6922
2018-11-21,42.848911,96.689529,99.501015,123.589996,131.72113
2018-11-23,41.760601,95.564194,99.462402,122.029999,130.202286
2018-11-26,42.325359,97.496819,102.743393,126.410004,133.210632
2018-11-27,42.233265,97.880096,103.389931,127.540001,133.181213
2018-11-28,43.857239,100.302025,107.230644,140.639999,138.541397
2018-11-29,43.520325,99.062508,106.333199,139.720001,136.307175
2018-11-30,43.285206,101.337654,107.008705,142.759995,138.864807
2018-12-03,44.797699,102.185753,108.166687,144.149994,142.088715
2018-12-04,42.827099,99.160378,104.721642,139.240005,135.8564
2018-12-06,42.349606,101.044098,105.368202,142.059998,138.218048
2018-12-07,40.839539,97.317421,101.151146,135.949997,134.357132
2018-12-10,41.108589,98.777107,103.824196,137.270004,135.111664
2018-12-11,40.873478,98.58139,104.789192,136.789993,134.063171
2018-12-12,40.987392,98.801567,105.262047,140.089996,135.033264
2018-12-13,41.43581,98.450935,105.61908,141.139999,134.778488
2018-12-14,40.109959,97.774094,102.318802,137.039993,132.377655
2018-12-17,39.736687,94.675331,99.288704,130.830002,128.761749
2018-12-18,40.252964,95.123833,100.330902,132.320007,129.99646
2018-12-19,38.997414,94.944427,100.060707,131.160004,128.624588
2018-12-20,38.013313,92.163696,97.957008,127.730003,126.174774
2018-12-21,36.534775,90.467529,94.791817,122.910004,121.765129
2018-12-24,35.589478,87.719414,90.835312,121.330002,119.285934
2018-12-26,38.09573,90.83448,97.040253,130.839996,127.615257
2018-12-27,37.848492,92.783447,97.638557,135.199997,129.359543
2018-12-28,37.867897,92.171844,96.876205,134.679993,128.311005
2018-12-31,38.233891,92.693741,98.0149,136.970001,129.290939
2019-01-02,38.277523,93.94957,97.580658,135.550003,130.251266
2019-01-03,34.46479,92.07399,93.990852,130.399994,125.557449
2019-01-04,35.936081,95.670174,98.362312,137.960007,130.966599
2019-01-07,35.856091,96.347008,98.487747,142.220001,133.328201
2019-01-08,36.539623,97.717003,99.201859,145.720001,134.053375
2019-01-09,37.160126,98.418297,100.620399,145.990005,135.631027
2019-01-10,37.278889,99.315308,99.973846,147.039993,135.885834
2019-01-11,36.912888,99.046211,99.201859,147.550003,135.288055
2019-01-14,36.357826,98.17366,98.478111,146.050003,134.347351
2019-01-15,37.101959,99.26638,101.334511,149.190002,134.58252
2019-01-16,37.555214,99.176689,101.691559,148.539993,134.58252
2019-01-17,37.77821,99.641502,102.405655,149.820007,134.523712
2019-01-18,38.010891,100.970711,103.939987,152.509995,135.719208
2019-01-22,37.1577,99.910599,101.981056,148.949997,135.278259
2019-01-23,37.307983,108.366951,102.974991,149.75,134.259155
2019-01-24,37.012272,108.073395,102.482841,146.869995,134.935303
2019-01-25,38.238743,109.247665,103.418892,149.740005,135.885834
2019-01-28,37.884865,109.492302,101.402046,147.330002,133.259628
2019-01-29,37.492203,109.541229,99.336945,145.179993,132.289474
2019-01-30,40.054218,109.581985,102.656548,149.160004,134.837296
2019-01-31,40.342655,109.614632,100.774811,151.970001,132.299271
2019-02-01,40.362045,109.353676,99.182564,155.869995,137.336075
2019-02-04,41.50853,110.242516,102.038925,157.720001,138.659012
2019-02-05,42.218704,110.536095,103.467155,158.990005,139.668304
2019-02-06,42.233265,111.163986,102.318802,158.130005,138.649216
2019-02-07,41.43338,109.877045,101.585403,154.929993,137.355682
2019-02-08,41.482067,110.306023,101.971397,156.669998,137.561447
2019-02-11,41.243515,110.537033,101.566109,159.910004,137.973053
2019-02-12,41.598911,112.23645,103.148689,162.789993,139.13913
2019-02-13,41.426079,113.449142,103.07151,160.399994,140.60907
2019-02-14,41.577007,112.591194,103.158356,159.470001,140.530518
2019-02-15,41.484501,113.869911,104.432152,159.050003,142.248337
2019-02-19,41.608654,114.42263,104.383888,160.610001,141.786987
2019-02-20,41.876415,113.845131,103.841187,158.539993,142.07164
2019-02-21,41.640293,113.713135,106.031403,159.630005,141.355072
2019-02-22,42.105236,114.876343,107.543213,161.309998,143.19072
2019-02-25,42.411953,115.049591,108.144073,161.360001,143.377243
2019-02-26,42.436298,115.264084,108.890305,163,144.339203
2019-02-27,42.567749,114.810356,108.706169,163.119995,144.51593
2019-02-28,42.149052,113.95237,108.57048,163.649994,145.399384
2019-03-01,42.592083,114.835098,109.055061,164.529999,146.724594
2019-03-04,42.806297,114.199875,108.793404,158.5,145.24234
2019-03-05,42.728401,113.746132,108.250687,156.970001,145.232498
2019-03-06,42.482544,113.00367,108.299133,156.789993,145.095078
2019-03-07,41.990826,111.667244,106.98114,155.600006,144.133087
2019-03-08,42.090637,111.444489,107.097427,155.059998,144.643555
2019-03-11,43.548756,113.605888,109.345787,157.649994,147.902573
2019-03-12,44.038029,114.076126,110.111397,158.279999,148.943069
2019-03-13,44.232773,114.307114,110.964233,159.809998,149.669495
2019-03-14,44.724491,114.496864,111.051445,160.669998,151.367722
2019-03-15,45.306274,115.024834,112.330681,161.509995,152.604568
2019-03-18,45.76878,115.668304,113.939423,161.949997,152.11377
2019-03-19,45.406082,115.899292,114.016937,163.929993,151.750549
2019-03-20,45.80286,115.165077,113.890953,163.509995,150.92601
2019-03-21,47.489799,116.683022,116.507591,166.949997,152.938339
2019-03-22,46.506363,115.041336,113.435471,161.5,150.258484
2019-03-25,45.944054,114.818596,114.026642,160.880005,150.219193
2019-03-26,45.469372,115.676575,114.268929,159.399994,152.447525
2019-03-27,45.878323,114.868088,113.164116,155.119995,151.38736
2019-03-28,45.939182,115.429054,113.319191,155.179993,151.829102
2019-03-29,46.238594,116.402527,114.297989,158.369995,153.321182
2019-04-01,46.55262,118.217453,115.344635,161.179993,154.371506
2019-04-02,47.229332,117.969971,115.509392,160.509995,154.881973
2019-04-03,47.553089,118.489693,116.265305,162.619995,155.549484
2019-04-04,47.635857,117.788483,115.674141,158.520004,154.744522
2019-04-05,47.954735,118.200974,116.187767,158.559998,154.754349
2019-04-08,48.709358,118.291702,116.226547,158.470001,154.852524
2019-04-09,48.563305,117.235733,115.596619,156.970001,154.59729
2019-04-10,48.835934,117.986465,116.478516,160.240005,155.647659
2019-04-11,48.429417,118.613426,116.614182,160.729996,154.96051
2019-04-12,48.40995,119.083664,117.215042,160.710007,156.707794
2019-04-15,48.497578,118.71241,117.311951,160.089996,157.493134
2019-04-16,48.502453,119.73539,117.040604,158.690002,157.286957
2019-04-17,49.446941,114.760841,118.009727,155.339996,157.493134
2019-04-18,49.624641,115.767319,119.560318,155.990005,157.218246
2019-04-22,49.787731,114.579361,119.938271,158.759995,157.453842
2019-04-23,50.50584,115.85804,121.566406,161.229996,158.69072
2019-04-24,50.42794,115.453819,121.149689,159.559998,158.523834
2019-04-25,49.970303,114.364868,125.161827,163.089996,158.062469
2019-04-26,49.731743,115.033089,125.878975,165.960007,159.937363
2019-04-29,49.807209,114.711349,125.762688,165.360001,161.134964
2019-04-30,48.84811,115.717812,126.567039,165.350006,161.409821
2019-05-01,51.245853,115.957039,123.931038,162.149994,159.799957
2019-05-02,50.912354,115.156837,122.312614,161.830002,158.160583
2019-05-03,51.545258,115.701294,124.919525,163.339996,159.063705
2019-05-06,50.74926,115.808533,124.192696,162.5,159.299301
2019-05-07,49.38121,113.548157,121.643913,156.899994,157.267349
2019-05-08,49.390953,113.845131,121.634216,156.860001,157.807205
2019-05-09,48.860279,112.976967,121.62455,156.309998,156.87468
2019-05-10,48.183395,112.960289,123.204208,159.940002,157.758194
2019-05-13,45.383007,109.704697,119.540932,153.149994,154.440216
2019-05-14,46.101429,111.282417,120.878319,158.070007,157.267349
2019-05-15,46.653694,112.192314,122.580551,155.059998,159.799957
2019-05-16,46.448421,113.427765,125.41114,158.479996,162.090668
2019-05-17,46.184513,112.125519,124.574608,154.570007,161.323822
2019-05-20,44.740334,112.793343,122.775108,155.979996,160.714264
2019-05-21,45.598045,113.903564,123.436539,155.779999,161.097687
2019-05-22,44.664581,113.820099,124.185516,157.639999,161.471298
2019-05-23,43.902164,110.514427,122.736183,153.710007,158.787308
2019-05-24,43.733555,110.422607,122.794548,154.509995,159.89827
2019-05-28,43.552727,108.903328,122.716736,155.190002,160.950211
2019-05-29,43.345028,108.260574,121.530029,152.889999,159.986725
2019-05-30,43.569836,108.1604,122.298477,155.660004,160.016235
2019-05-31,42.780548,106.006706,120.30442,151.410004,158.610321
2019-06-03,42.348019,107.075203,116.569221,145.100006,155.926392
2019-06-04,43.897282,110.764862,119.79863,150.809998,159.593506
2019-06-05,44.605934,109.763138,122.395744,158.440002,162.601883
2019-06-06,45.260826,110.37252,124.331413,159.309998,164.10611
2019-06-07,46.465534,111.282417,127.813683,161.270004,167.183334
2019-06-10,47.05933,112.476128,128.980972,152.789993,167.940369
2019-06-11,47.604259,113.486191,128.494614,150.149994,167.43895
2019-06-12,47.452751,112.584633,127.90126,151.279999,168.697372
2019-06-13,47.442978,113.327583,128.708603,151.339996,166.495132
2019-06-14,47.098442,112.818382,128.835068,150.009995,166.799927
2019-06-17,47.379448,112.651421,129.224136,150.289993,166.701614
2019-06-18,48.493736,113.845139,131.4711,150.589996,166.426315
2019-06-19,48.352001,114.429459,131.986618,154.139999,167.812546
2019-06-20,48.740543,115.906998,133.212219,157.199997,170.811142
2019-06-21,48.574383,116.199173,133.231705,156.839996,170.516205
2019-06-24,48.525509,116.324387,134.019608,152.559998,170.919312
2019-06-25,47.78997,115.497971,129.78833,149.339996,168.392593
2019-06-26,48.823635,115.631523,130.274643,149.039993,168.176331
2019-06-27,48.808968,115.631523,130.488663,150.690002,168.34346
2019-06-28,48.364223,115.113991,130.303879,151.729996,170.624329
2019-07-01,49.251266,116.7668,131.976898,154.059998,171.007782
2019-07-02,49.539612,117.050652,132.852325,154.119995,172.32518
2019-07-03,49.950142,118.152519,133.708313,155.589996,173.888367
2019-07-05,49.906158,118.018959,133.319229,154.580002,173.681931
2019-07-08,48.877392,117.342796,133.221985,152.809998,173.219833
2019-07-09,49.17551,116.307686,132.735611,153.949997,174.733887
2019-07-10,49.661793,117.259315,134.087692,156.270004,176.287216
2019-07-11,49.30014,117.902084,134.622665,158.899994,177.693161
2019-07-12,49.67889,119.154228,135.109024,158.080002,177.290054
2019-07-15,50.145634,119.638405,135.109024,159.649994,177.526001
2019-07-16,49.972134,119.813683,133.338684,157.130005,176.287216
2019-07-17,49.69112,119.429695,132.550827,158.240005,176.129959
2019-07-18,50.2556,124.905754,132.696716,157.979996,177.486664
2019-07-19,49.505398,124.947502,132.891235,156.75,176.21843
2019-07-22,50.636799,124.997574,134.651825,157.699997,177.526001
2019-07-23,51.032665,125.531815,135.488373,156.25,177.850418
2019-07-24,50.991127,125.23967,136.879333,159.75,180.239487
2019-07-25,50.587925,125.540207,136.363815,159.350006,178.528793
2019-07-26,50.763874,126.349884,137.482422,159.970001,180.593445
2019-07-29,51.23793,125.949203,137.180862,156.210007,180.121475
2019-07-30,51.018002,125.022629,136.51947,156.960007,178.469818
2019-07-31,52.058987,123.745453,132.550827,154.5,174.999313
2019-08-01,50.93248,125.481743,134.291962,150.809998,176.149597
2019-08-02,49.854843,122.919006,133.163605,145.699997,174.429123
2019-08-05,47.245045,117.501404,128.601624,142.820007,166.013382
2019-08-06,48.139408,117.476349,131.013931,142.800003,169.572388
2019-08-07,48.637917,116.124039,131.58783,141.639999,172.364517
2019-08-08,49.71067,118.328445,135.099289,143.820007,176.86731
2019-08-09,49.301033,114.975395,133.951508,143.369995,176.031631
2019-08-12,49.175934,112.897659,132.083893,140.720001,173.367325
2019-08-13,51.258453,114.688232,134.8172,143.880005,175.59906
2019-08-14,49.732742,110.853745,130.757248,139.720001,170.585007
2019-08-15,49.485001,111.419617,130.464462,142.130005,173.548523
2019-08-16,50.65258,112.973686,132.855576,143.889999,175.478302
2019-08-19,51.596962,114.054771,135.080719,143.669998,176.964951
2019-08-20,51.599411,112.331787,133.958374,145.539993,176.472702
2019-08-21,52.158672,113.387543,135.451569,147.380005,178.146439
2019-08-22,52.114521,113.446655,134.465866,148.240005,177.30954
2019-08-23,49.705765,109.434814,130.181473,151.570007,172.524597
2019-08-26,50.650127,109.789543,132.191895,155.139999,174.848175
2019-08-27,50.078598,110.786156,132.474915,153.570007,175.625977
2019-08-28,50.414654,112.129089,132.29924,151.830002,175.911484
2019-08-29,51.268265,113.91964,134.797699,155.929993,178.372925
2019-08-30,51.202038,114.468628,134.543915,156.070007,178.028305
2019-09-03,50.456348,113.260857,132.7677,152.729996,176.433304
2019-09-04,51.31242,115.135841,134.319504,152.460007,178.963623
2019-09-05,52.315655,119.063255,136.681274,153.770004,181.87793
2019-09-06,52.310745,118.72541,135.75412,151.070007,182.872345
2019-09-09,52.533966,120.439972,134.212112,149.539993,178.747025
2019-09-10,53.154549,122.509216,132.806778,149.649994,173.627319
2019-09-11,54.844604,121.284538,132.845795,154.089996,172.278458
2019-09-12,54.721958,121.301445,134.212112,154.75,175.232132
2019-09-13,53.657398,121.343697,134.016922,152.979996,174.533112
2019-09-16,53.93948,120.338577,133.050735,153.009995,173.391006
2019-09-17,54.135719,120.102097,134.085251,152.820007,173.725784
2019-09-18,54.643467,120.118996,135.188095,152.770004,172.583649
2019-09-19,54.199493,120.752457,137.676743,153.600006,173.243332
2019-09-20,53.4072,119.831841,136.085938,155.199997,171.372665
2019-09-23,53.650032,119.99231,135.793182,154.649994,172.209534
2019-09-24,53.394936,119.662918,134.075516,152.050003,171.786163
2019-09-25,54.21666,120.912903,136.007858,152.990005,172.573807
2019-09-26,53.937031,121.242294,136.183533,152.339996,172.93811
2019-09-27,53.674572,120.980492,134.417068,148.259995,171.313599
2019-09-30,54.937813,122.821724,135.685776,148.440002,169.354309
2019-10-01,55.089897,121.335228,133.772949,147.690002,171.599106
2019-10-02,53.708904,119.671349,131.411148,144.220001,167.207993
2019-10-03,54.16515,119.950081,133.001923,147,170.201019
2019-10-04,55.683498,120.769341,134.797699,148.029999,173.263016
2019-10-07,55.695763,119.325089,133.821747,148.800003,172.199707
2019-10-08,55.043285,116.87574,132.406631,145.910004,169.75795
2019-10-09,55.688412,117.965279,134.914795,147.050003,172.180038
2019-10-10,56.438995,119.19838,135.75412,146.410004,172.180038
2019-10-11,57.94017,120.575081,136.32016,149.369995,174.32634
2019-10-14,57.856777,119.966965,136.193298,149.369995,174.621719
2019-10-15,57.72187,120.777794,138.164703,152.740005,175.99025
2019-10-16,57.488838,120.0261,137.032608,146.970001,175.123825
2019-10-17,57.712059,113.395981,136.329926,146.169998,175.19278
2019-10-18,57.989239,113.252388,134.104767,144.089996,172.997192
2019-10-21,58.994926,111.977043,135.10022,144.550003,173.706055
2019-10-22,58.860027,113.142601,133.089783,142.330002,168.222061
2019-10-23,59.649857,113.497345,133.938858,145.130005,168.674957
2019-10-24,59.747967,113.235519,136.573898,148.119995,173.440231
2019-10-25,60.483837,114.392616,137.34491,150.490005,175.104141
2019-10-28,61.089714,114.84024,140.72168,154.789993,177.0634
2019-10-29,59.676834,113.024361,139.394394,155.089996,174.887543
2019-10-30,59.669472,114.232147,141.131592,158.279999,176.482544
2019-10-31,61.018578,112.948357,139.921402,156.490005,176.098557
2019-11-01,62.750324,114.468628,140.263,159.740005,178.136581
2019-11-04,63.162418,116.276047,141.073044,157.600006,176.187164
2019-11-05,63.071674,116.461876,140.985184,158.149994,173.647003
2019-11-06,63.098648,117.21357,140.594803,158.929993,174.040848
2019-11-07,63.826885,117.666496,140.789978,159.5,175.675201
2019-11-08,64.001572,117.598137,142.449142,161.110001,176.206848
2019-11-11,64.508377,115.769348,142.59552,161.779999,176.768066
2019-11-12,64.449333,115.871895,143.53241,162.860001,176.964951
2019-11-13,65.066872,114.923302,143.766617,162.600006,176.640045
2019-11-14,64.616638,114.513115,144.498596,163.050003,177.27124
2019-11-15,65.384239,114.854942,146.36264,163.210007,177.290955
2019-11-18,65.713921,114.778038,146.72374,162.770004,177.182495
2019-11-19,65.514648,114.957489,146.772552,163.960007,180.249619
2019-11-20,64.751961,113.829453,146.517944,164.199997,179.154892
2019-11-21,64.461639,114.376381,146.380844,162.880005,177.409302
2019-11-22,64.405052,114.803673,146.488556,162.809998,176.995087
2019-11-25,65.534309,116.196625,148.094589,161.710007,178.474442
2019-11-26,65.022575,115.444595,148.877975,162.539993,180.032608
2019-11-27,65.895973,114.316582,149.161972,161.509995,181.827499
2019-11-29,65.750824,114.897682,148.24147,162.889999,181.965607
2019-12-02,64.990601,113.581627,146.449402,161,179.283112
2019-12-03,63.831806,112.906517,146.214371,161.570007,179.391571
2019-12-04,64.395203,112.795418,146.743164,156.429993,178.109528
2019-12-05,65.339943,112.727058,146.821518,158.220001,179.381729
2019-12-06,66.602081,113.846542,148.603775,158.009995,179.657867
2019-12-09,65.66964,114.444748,148.221848,157.479996,180.397522
2019-12-10,66.053436,114.436195,147.996628,156.399994,179.746597
2019-12-11,66.616837,114.308022,148.55481,156.389999,179.500076
2019-12-12,66.786591,115.641151,150.062897,158.589996,180.121399
2019-12-13,67.694435,114.692596,151.326141,161.130005,182.586899
2019-12-16,68.85321,114.624207,152.305405,161.960007,183.671753
2019-12-17,68.988533,114.701126,151.482819,161.630005,182.96167
2019-12-18,68.823692,114.86348,151.169449,161.479996,182.35022
2019-12-19,68.892586,114.991684,152.481674,163.330002,183.96759
2019-12-20,68.749901,115.871895,154.146423,164.550003,185.407455
2019-12-23,69.87178,115.837708,154.146423,163.740005,184.500153
2019-12-24,69.938202,115.350609,154.117065,163.25,184.983414
2019-12-26,71.325813,115.290787,155.380325,164.509995,186.551468
2019-12-27,71.298729,115.598419,155.664291,164.979996,186.778305
2019-12-30,71.721909,113.496178,154.322693,162.440002,185.239822
2019-12-31,72.245941,114.547287,154.430435,162.639999,185.308853
2020-01-02,73.894333,115.726616,157.289886,166.990005,188.484467
2020-01-03,73.175926,114.803673,155.331314,166.169998,186.985397
2020-01-06,73.759003,114.598579,155.732849,173.449997,186.581085
2020-01-07,73.412109,114.675484,154.312912,176,186.087952
2020-01-08,74.593048,115.632607,156.770859,177.330002,189.273438
2020-01-09,76.177452,116.85466,158.729401,179.600006,190.585068
2020-01-10,76.34967,116.811905,157.99498,180.199997,191.0979
2020-01-13,77.980843,116.735001,159.89473,183.850006,192.636383
2020-01-14,76.927841,116.068443,158.768585,182.119995,193.346451
2020-01-15,76.598175,116.752098,159.796814,181.059998,197.044769
2020-01-16,77.557671,117.914322,162.724808,182.690002,198.178909
2020-01-17,78.416313,118.19635,163.635544,182.229996,201.877167
2020-01-21,77.884895,118.93129,163.047943,185.270004,204.431458
2020-01-22,78.162903,122.964844,162.264572,182.75,205.033051
2020-01-23,78.53933,122.093201,163.263412,183.979996,203.672073
2020-01-24,78.312973,120.119125,161.618225,182.110001,202.173035
2020-01-27,76.010162,118.46125,158.915451,180.710007,198.908676
2020-01-28,78.160446,119.255989,162.029526,182.850006,200.052689
2020-01-29,79.796516,117.666496,164.55603,181.770004,202.034973
2020-01-30,79.680885,116.880295,169.197754,185.669998,205.338776
2020-01-31,76.147934,122.82814,166.700623,182.309998,196.226212
2020-02-03,75.938805,124.998764,170.764618,185.419998,198.040817
2020-02-04,78.445831,127.425758,176.385605,188.339996,200.752899
2020-02-05,79.085503,133.595764,176.170135,185.490005,200.013229
2020-02-06,80.010567,133.963242,179.82283,186.729996,200.240082
2020-02-07,78.923012,132.469406,180.077423,185.720001,199.944229
2020-02-10,79.297852,133.350174,184.787704,189.119995,203.149384
2020-02-11,78.81942,132.529846,180.616028,189.110001,201.12767
2020-02-12,80.691216,134.110046,180.880432,189.460007,204.579407
2020-02-13,80.116615,133.246536,179.901169,188.639999,204.836166
2020-02-14,80.13633,130.129349,181.507187,189.949997,207.690445
2020-02-18,78.669014,130.474701,183.34819,191.089996,208.589203
2020-02-19,79.808342,130.267487,183.898071,192.869995,210.673111
2020-02-20,78.989586,130.578354,181.089722,193.360001,208.83609
2020-02-21,77.20166,129.386719,175.364975,189.5,206.228745
2020-02-24,73.534561,126.442169,167.804062,185.940002,196.332611
2020-02-25,71.04377,122.366478,165.034988,181.270004,186.07106
2020-02-26,72.170784,120.674004,167.097031,178.869995,184.895767
2020-02-27,67.453117,114.940369,155.323547,172.149994,177.784775
2020-02-28,67.413643,112.384407,159.084396,170.399994,179.513107
2020-03-02,73.689911,115.967918,169.669739,176.759995,189.952469
2020-03-03,71.349564,111.305038,161.539261,169.369995,183.434021
2020-03-04,74.659088,115.898849,167.470184,175.690002,191.88826
2020-03-05,72.237381,111.86631,163.267456,169.600006,184.648849
2020-03-06,71.278053,110.294739,158.652374,164.080002,182.080978
2020-03-09,65.640533,101.728836,147.90007,151.210007,169.014542
2020-03-10,70.368065,107.738777,158.014084,161.339996,180.342773
2020-03-11,67.924133,101.866989,150.855728,154.570007,170.812057
2020-03-12,61.216316,88.776352,136.548843,140.589996,158.10112
2020-03-13,68.550537,93.214722,155.961823,147.779999,173.656448
2020-03-16,59.731724,85.555489,132.974564,124.300003,150.130875
2020-03-17,62.358128,92.092186,143.923218,135.419998,155.938217
2020-03-18,60.831608,89.415337,137.864624,132.240005,146.644516
2020-03-19,60.365505,86.643501,140.132919,139.460007,150.36795
2020-03-20,56.533173,82.369179,134.86969,139.350006,145.014938
2020-03-23,55.332169,81.833801,133.524429,140.520004,134.062027
2020-03-24,60.883396,91.081879,145.66124,153.639999,152.619751
2020-03-25,60.547997,91.40139,144.266907,147.059998,159.780121
2020-03-26,63.734219,97.480415,153.290939,154.729996,166.792358
2020-03-27,61.095482,93.283806,146.996689,146,159.562836
2020-03-30,62.839012,97.514938,157.336533,149.850006,163.523285
2020-03-31,62.710777,95.787956,154.862045,143.979996,159.128265
2020-04-01,59.411125,90.788284,149.36319,134.059998,151.217316
2020-04-02,60.402496,94.984901,152.456299,134.320007,155.444382
2020-04-03,59.534428,91.824501,151.052109,134.309998,149.97287
2020-04-06,64.728058,99.14698,162.285538,147.550003,167.345428
2020-04-07,63.978371,99.250587,160.537689,145.070007,166.505936
2020-04-08,65.61586,103.006813,162.148056,151.119995,172.777451
2020-04-09,66.08934,104.915146,162.157867,154.550003,171.542877
2020-04-13,67.386536,104.612907,162.521194,152.5,166.900986
2020-04-14,70.789757,106.996185,170.563309,157.710007,172.461365
2020-04-15,70.143639,102.488701,168.776184,155.630005,163.908447
2020-04-16,70.700989,99.932755,173.842987,157.059998,160.412216
2020-04-17,69.741669,103.723511,175.374832,162.619995,167.444183
2020-04-20,68.29406,103.973938,171.898743,162.759995,162.189987
2020-04-21,66.183075,100.822151,164.78949,150.559998,158.545578
2020-04-22,68.089386,103.024071,170.386536,154.139999,164.530655
2020-04-23,67.8255,104.785614,168.324463,151.720001,164.323273
2020-04-24,69.783592,107.69561,171.397964,153.979996,165.251633
2020-04-27,69.832916,108.731812,170.906982,157.630005,169.636734
2020-04-28,68.700974,109.034027,166.743561,154.460007,169.133041
2020-04-29,70.957458,111.123711,174.225952,160.429993,179.542755
2020-04-30,72.454391,108.420937,175.973816,161.949997,176.510696
2020-05-01,71.28791,105.234627,171.417587,156.369995,173.399658
2020-05-04,72.296555,105.070564,175.610489,161.470001,173.972488
2020-05-05,73.381645,105.84771,177.495804,163.25,176.234192
2020-05-06,74.138756,106.357178,179.243668,163.669998,176.569977
2020-05-07,74.905708,106.085907,180.284531,169.899994,180.461258
2020-05-08,76.688591,107.626053,181.345016,175.899994,182.801956
2020-05-11,77.895317,107.276016,183.367828,182.669998,181.290878
2020-05-12,77.005112,105.237083,179.214188,177.539993,177.25145
2020-05-13,76.075333,101.272972,176.504028,169.639999,175.19371
2020-05-14,76.542702,102.340569,177.269974,167,178.962906
2020-05-15,76.090164,102.366821,179.852463,171.330002,181.525177
2020-05-18,77.882935,106.374687,181.570877,172.5,189.330719
2020-05-19,77.432907,105.263329,180.314011,176.039993,187.332321
2020-05-20,78.938835,106.217171,182.815063,176.929993,191.784149
2020-05-21,78.350304,104.239494,180.619217,175.259995,188.578842
2020-05-22,78.854767,103.600677,180.697983,177.850006,188.816269
2020-05-26,78.320625,106.54969,178.78772,176.520004,191.151016
2020-05-27,78.661873,109.857491,179.024063,176.600006,190.755264
2020-05-28,78.696495,108.973679,178.620361,181.100006,192.179855
2020-05-29,78.619835,109.297455,180.441986,174.789993,193.149384
2020-06-01,79.586708,109.288704,180.028427,176.360001,192.268906
2020-06-02,79.955132,110.26004,182.076553,174.229996,194.257385
2020-06-03,80.395302,112.929039,182.519653,174.990005,194.761902
2020-06-04,79.702927,112.789017,180.117035,171.440002,191.566498
2020-06-05,81.972939,115.563019,184.331467,173.880005,197.472549
2020-06-08,82.457603,118.792068,185.473679,176.550003,197.462677
2020-06-09,85.061455,115.396767,186.891647,174.559998,196.948273
2020-06-10,87.24987,113.646599,193.823746,182.100006,198.333237
2020-06-11,83.060966,103.26815,183.41571,172.050003,186.857483
2020-06-12,83.778069,106.680954,184.86322,175.110001,190.201263
2020-06-15,84.814171,106.453445,186.0448,178.610001,189.706619
2020-06-16,87.061943,109.516228,190.603882,180.479996,190.814651
2020-06-17,86.940773,108.641136,191.263596,181.399994,191.487381
2020-06-18,86.975395,108.649895,193.311722,187.660004,191.833603
2020-06-19,86.478355,107.170998,192.159637,186.949997,190.141922
2020-06-22,88.740967,105.945892,197.496582,191.649994,192.87236
2020-06-23,90.635117,104.493263,198.81604,189.059998,195.850113
2020-06-24,89.035225,101.876785,194.808441,185.550003,189.360382
2020-06-25,90.217209,104.160736,197.270111,188.339996,191.902832
2020-06-26,87.445229,102.550591,193.321564,183.169998,187.243286
2020-06-29,89.460548,104.790802,195.399231,183.330002,189.330719
2020-06-30,90.207314,105.68338,200.391541,187.330002,191.101532
2020-07-01,90.036697,103.731941,201.563309,191.889999,191.704987
2020-07-02,90.036697,104.747032,203.099396,192.529999,193.574768
2020-07-06,92.445198,105.175819,207.471359,197.720001,195.64238
2020-07-07,92.158363,102.891861,205.058914,196.380005,192.120529
2020-07-08,94.304733,103.005623,209.568726,200.279999,192.981216
2020-07-09,94.710281,101.255463,211.035904,200.740005,190.151825
2020-07-10,94.875946,103.565681,210.395859,198.880005,190.488174
2020-07-13,94.438263,104.309494,203.897003,188.339996,186.995956
2020-07-14,96.001076,105.534607,205.157379,189.559998,191.259811
2020-07-15,96.661301,107.634804,204.852127,188.089996,194.445343
2020-07-16,95.471893,108.518631,200.795258,185.509995,191.427994
2020-07-17,95.279015,109.481216,199.77121,187.779999,193.000992
2020-07-20,97.286911,110.583817,208.35759,195.089996,196.344772
2020-07-21,95.944191,110.312538,205.551254,190.800003,194.376083
2020-07-22,96.21373,112.596504,208.50528,191.309998,196.730606
2020-07-23,91.834427,111.423889,199.436401,188.539993,195.315903
2020-07-24,91.606926,110.076271,198.215424,188.490005,193.060318
2020-07-27,93.77803,110.443802,200.726334,190.960007,194.801498
2020-07-28,92.23748,108.921165,198.924377,189.5,194.633301
2020-07-29,94.005524,109.664986,200.933105,193.610001,196.453613
2020-07-30,95.143021,107.547295,200.775528,191.699997,191.98201
2020-07-31,105.103409,107.582291,201.868561,194.850006,188.361191
2020-08-03,107.751762,108.781158,213.221878,203.190002,188.648102
2020-08-04,108.471336,110.120018,210.021667,201.410004,190.230957
2020-08-05,108.86451,109.77874,209.677032,202.639999,194.000183
2020-08-06,112.66272,110.365044,213.03479,207.789993,196.641556
2020-08-07,110.101242,110.781723,209.224106,201.050003,194.257385
2020-08-10,111.701538,112.687767,205.058914,197.160004,194.682755
2020-08-11,108.379562,112.368629,200.263535,191.990005,195.652267
2020-08-12,111.981468,112.324295,205.984528,192.619995,196.611893
2020-08-13,113.963264,110.843781,205.502014,195.139999,195.759796
2020-08-14,113.861702,111.056549,205.698929,193.460007,194.828476
2020-08-17,113.564438,110.320732,207.0578,196.740005,197.592773
2020-08-18,114.510742,110.746254,208.249252,204.009995,197.17662
2020-08-19,114.654419,109.788788,206.985825,205.110001,199.138397
2020-08-20,117.198563,109.177086,211.802673,209.509995,202.269257
2020-08-21,123.238091,109.185959,210.262863,207.529999,202.249451
2020-08-24,124.712036,111.420029,210.924179,208.460007,204.508469
2020-08-25,123.688934,110.498032,213.668213,216.050003,206.182892
2020-08-26,125.370995,110.081345,218.287613,272.320007,208.322998
2020-08-27,123.872261,110.506897,223.647354,276.320007,209.085892
2020-08-28,123.6716,110.879242,225.947189,271.100006,213.722794
2020-08-31,127.86557,109.318939,222.610931,272.649994,210.037064
2020-09-01,132.958801,109.398712,224.32843,281.25,211.384537
2020-09-02,130.204086,113.636375,228.651718,276.690002,214.485703
2020-09-03,119.779846,110.32959,214.487473,265.01001,207.034988
2020-09-04,119.859123,108.423531,211.476944,254.699997,202.774567
2020-09-08,111.793198,107.457207,200.036957,241.270004,198.276398
2020-09-09,116.252243,108.388062,208.555252,250.429993,202.180084
2020-09-10,112.457115,106.880959,202.711868,247.800003,199.683334
2020-09-11,110.980659,107.678848,201.389236,243.100006,198.831238
2020-09-14,114.310081,108.237366,202.751358,246.639999,203.091629
2020-09-15,114.488449,108.547646,206.077759,251.679993,203.497849
2020-09-16,111.109474,110.125687,202.396011,250.600006,203.240265
2020-09-17,109.33577,110.746254,200.283722,244.529999,203.378967
2020-09-18,105.867622,108.831345,197.796341,242.779999,200.743469
2020-09-21,109.078148,106.606133,199.918503,245.050003,195.630997
2020-09-22,110.792397,106.836632,204.735352,247.779999,198.712357
2020-09-23,106.145073,105.34726,197.993759,235.990005,193.57016
2020-09-24,107.235062,104.691208,200.560104,237.550003,193.718781
2020-09-25,111.258118,105.453636,205.130173,242.740005,195.432846
2020-09-28,113.913719,107.918198,206.729172,246.669998,198.474564
2020-09-29,113.051643,107.217842,204.577393,247.449997,197.602692
2020-09-30,114.755981,107.865013,207.607681,251.320007,198.127808
2020-10-01,115.727066,107.350815,209.710114,253.449997,201.476654
2020-10-02,111.991371,106.889832,203.521255,247.850006,199.60405
2020-10-05,115.439713,108.166435,207.657043,251.529999,201.664886
2020-10-06,112.130112,108.130981,203.244873,250.139999,198.603363
2020-10-07,114.032631,109.992699,207.114166,259.980011,200.604752
2020-10-08,113.923637,116.570816,207.854462,260.220001,201.110046
2020-10-09,115.905434,113.290619,213.016754,265.980011,204.736328
2020-10-12,123.267815,112.776428,218.534393,267.070007,204.498566
2020-10-13,119.997841,110.905846,219.975494,266.829987,202.437729
2020-10-14,120.087021,111.65052,218.001389,261.829987,200.337234
2020-10-15,119.611397,110.719666,216.81694,257.720001,197.71167
2020-10-16,117.936768,111.641663,216.81694,258.549988,198.4151
2020-10-19,114.924446,111.278175,211.447342,255.009995,195.155441
2020-10-20,116.440514,104.052895,211.871735,255.970001,195.878708
2020-10-21,115.806351,102.005005,212.019821,254.229996,196.601974
2020-10-22,114.696541,102.625572,212.108643,249.669998,196.166016
2020-10-23,113.993004,102.838341,213.43132,250.520004,196.185837
2020-10-26,114.002914,99.487228,207.360916,241.979996,191.291367
2020-10-27,115.538811,98.015587,210.489868,250.300003,188.309067
2020-10-28,110.187935,94.549217,200.056686,238.429993,179.203735
2020-10-29,114.270447,96.552803,202.070282,237.139999,183.166901
2020-10-30,107.86924,98.990768,199.849396,232.270004,180.036011
2020-11-02,107.780052,100.098938,199.711227,232.449997,183.038101
2020-11-03,109.434868,101.207123,203.758133,237.130005,186.604935
2020-11-04,113.903824,99.203537,213.589249,250.740005,192.18306
2020-11-05,117.946686,101.747902,220.399933,260.220001,195.819244
2020-11-06,117.812683,101.100739,220.824356,260.149994,196.641586
2020-11-09,115.460205,103.906845,215.563354,259.279999,210.720688
2020-11-10,115.112785,106.047394,208.278885,247.660004,211.344879
2020-11-11,118.606773,105.408821,213.747177,254.179993,210.740509
2020-11-12,118.328842,102.980461,212.651535,249.419998,206.652313
2020-11-13,118.378464,105.09404,213.707703,249.509995,208.855179
2020-11-16,119.410782,106.452126,214.418381,249.889999,211.05806
2020-11-17,118.507515,105.858521,211.684235,256.170013,209.08342
2020-11-18,117.157562,105.022072,208.893448,257.160004,206.225632
2020-11-19,117.763054,105.390839,210.219543,264.649994,205.967667
2020-11-20,116.472656,105.174988,208.210587,258.040009,202.306137
2020-11-23,113.008461,108.008072,207.933472,257.640015,206.553101
2020-11-24,114.318703,111.902443,211.644638,260.839996,208.061356
2020-11-25,115.172333,111.704575,211.654541,246.820007,209.262024
2020-11-27,115.728195,111.839478,213.000458,247.630005,209.37117
2020-11-30,118.170029,111.092987,211.852463,245.800003,208.726196
2020-12-01,121.812897,110.769203,213.970306,241.350006,209.569611
2020-12-02,122.170235,112.082329,213.138992,220.779999,208.55751
2020-12-03,122.031281,111.173927,212.020706,220.970001,206.443954
2020-12-04,121.346367,114.402756,212.139465,225.860001,211.038193
2020-12-07,122.835289,112.154274,212.07016,227.699997,211.008423
2020-12-08,123.460617,113.06266,213.772369,227.860001,211.127518
2020-12-09,120.879845,114.033997,209.605988,220.570007,207.962143
2020-12-10,122.329048,112.388123,208.339233,222.919998,206.007339
2020-12-11,121.505196,111.767532,211.050842,222.419998,204.647919
2020-12-14,120.879845,111.101982,211.981125,221.270004,205.650131
2020-12-15,126.934753,113.260529,211.911835,220.149994,206.751556
2020-12-16,126.865273,112.918755,217.008499,223.619995,206.662247
2020-12-17,127.748688,112.918755,217.147049,225.919998,209.549759
2020-12-18,125.723778,113.188576,216.325638,227.429993,209.678772
2020-12-21,127.282158,110.976059,220.284195,226.470001,207.39653
2020-12-22,130.905182,111.173927,221.620224,231.169998,204.251007
2020-12-23,129.992004,111.434746,218.730469,227.429993,203.715179
2020-12-24,130.994537,112.145271,220.442535,225.779999,207.088928
2020-12-28,135.679642,112.262199,222.629669,224.639999,210.988602
2020-12-29,133.873093,111.344826,221.828033,222.460007,212.715149
2020-12-30,132.731583,111.830482,219.383636,222.399994,216.674347
2020-12-31,131.709198,113.215553,220.115967,222.529999,217.041473
2021-01-04,128.453445,111.470734,215.434982,220.309998,216.078995
2021-01-05,130.041611,113.449409,215.642776,221.520004,212.854065
2021-01-06,125.664207,116.282486,210.051315,216.149994,210.978668
2021-01-07,129.952286,116.012657,216.028732,217.979996,212.15947
2021-01-08,131.073944,115.598953,217.344986,222.039993,213.786804
2021-01-11,128.026596,115.643913,215.237045,218.25,211.246582
2021-01-12,127.847954,116.210526,212.703552,215.520004,207.247711
2021-01-13,129.922501,114.150925,214.098938,218.179993,207.733917
2021-01-14,127.957138,115.994682,210.813339,215.600006,200.301727
2021-01-15,126.200218,115.473038,210.447159,213.139999,200.033783
2021-01-19,126.885124,116.039642,214.197922,216.759995,200.103271
2021-01-20,131.054077,116.993004,222.016083,223.440002,204.419693
2021-01-21,135.858292,118.405052,222.639557,222.169998,203.556412
2021-01-22,138.042053,106.676964,223.609406,225.770004,200.46051
2021-01-25,141.863571,106.649986,227.152328,225.919998,199.428513
2021-01-26,142.101807,110.166603,229.923325,226.259995,200.450577
2021-01-27,141.009933,110.148621,230.487396,224.779999,193.46492
2021-01-28,136.076691,107.999069,236.454926,226.5,196.689835
2021-01-29,130.984604,107.126663,229.557129,225.559998,191.758209
2021-02-01,133.148483,108.412796,237.167465,228.460007,196.828735
2021-02-02,133.992203,107.423462,237.028931,234.199997,201.045929
2021-02-03,132.949982,107.135666,240.482773,234.820007,199.805603
2021-02-04,136.374451,108.844513,239.503036,237.979996,207.634674
2021-02-05,135.95195,109.537033,239.691055,238.889999,207.158386
2021-02-08,136.101089,111.173927,239.958267,238.929993,205.292908
2021-02-09,135.20639,111.283295,241.244812,236.699997,204.925751
2021-02-10,134.590057,111.410896,240.304657,236.720001,204.846375
2021-02-11,134.331604,110.198723,241.957352,241.240005,209.358322
2021-02-12,134.570175,110.098473,242.452164,240.369995,208.662643
2021-02-16,132.403046,109.433136,241.175507,248.589996,206.615356
2021-02-17,130.066956,109.342003,242.226959,247.660004,206.227783
2021-02-18,128.943619,110.03466,241.820267,247.009995,208.056427
2021-02-19,129.102661,108.448814,239.023056,246.559998,203.464951
2021-02-22,125.255539,110.153152,232.61525,240.949997,207.032791
2021-02-23,125.116371,110.016441,231.385269,235.639999,210.799362
2021-02-24,124.609383,112.294975,232.654922,240.470001,218.074127
2021-02-25,120.275139,111.620522,227.139847,231.080002,212.429199
2021-02-26,120.543549,108.394119,230.502457,216.5,211.077621
2021-03-01,127.034966,110.043777,235.02562,217.539993,215.291443
2021-03-02,124.380745,109.670097,231.980423,213.470001,214.436737
2021-03-03,121.338829,111.520271,225.721405,206,213.52243
2021-03-04,119.420219,109.469589,224.898102,205.330002,210.19313
2021-03-05,120.702599,111.948624,229.72876,210.759995,214.078964
2021-03-08,115.672493,113.75322,225.55278,207.720001,218.908936
2021-03-09,120.37455,113.179031,231.891144,211.529999,218.998383
2021-03-10,119.271118,116.542137,230.54213,211.960007,221.791016
2021-03-11,121.23941,115.876808,235.214081,215.949997,224.752579
2021-03-12,120.314903,116.305176,233.84523,212.210007,222.973679
2021-03-15,123.257416,117.189247,232.912811,212.800003,221.890396
2021-03-16,124.828079,116.879364,235.789398,214.479996,223.311554
2021-03-17,124.022873,117.59938,235.124802,213.119995,221.641937
2021-03-18,119.817856,118.538132,228.855865,209.479996,219.296539
2021-03-19,119.281052,117.480896,228.488861,212.199997,205.621552
2021-03-22,122.660973,118.984718,234.083298,215.169998,206.714752
2021-03-23,121.815987,118.902702,235.660461,215,206.863815
2021-03-24,119.380455,119.048523,233.557587,209.529999,206.784317
2021-03-25,119.877495,121.281487,230.462784,205.440002,206.684937
2021-03-26,120.493835,124.298256,234.569305,209.089996,212.210587
2021-03-29,120.672775,123.824326,233.339355,210.770004,213.184525
2021-03-30,119.191582,122.785309,229.976746,210,210.590652
2021-03-31,121.428291,121.454659,233.865067,211.869995,210.421692
2021-04-01,122.27327,121.427299,240.391907,218.720001,215.520004
2021-04-05,125.156136,123.888115,247.057617,220.289993,217.686539
2021-04-06,125.464302,122.329605,245.857376,221.089996,217.29895
2021-04-07,127.144318,122.9767,247.88089,220.789993,217.915115
2021-04-08,129.589783,123.149887,251.203827,224.449997,219.336273
2021-04-09,132.214172,123.705849,253.782837,231.279999,221.145035
2021-04-12,130.4646,122.666824,253.842346,228.759995,220.101532
2021-04-13,133.635727,119.558914,256.40152,232,219.654312
2021-04-14,131.249924,120.880463,253.524933,228.020004,220.608368
2021-04-15,133.705307,120.834892,257.403351,233,224.881805
2021-04-16,133.367355,121.755409,258.633301,231.910004,225.011017
2021-04-19,134.043304,121.327049,256.649475,230.5,224.394821
2021-04-20,132.323532,125.920578,256.17337,227.960007,221.90033
2021-04-21,132.711227,130.833054,258.474609,230.559998,226.044556
2021-04-22,131.160446,128.764175,255.092163,231.350006,226.163818
2021-04-23,133.526382,129.812302,259.040009,233.509995,228.578812
2021-04-26,133.924026,129.028473,259.436768,235.460007,228.916702
2021-04-27,133.595963,129.429504,259.853394,234.210007,228.48938
2021-04-28,132.790756,130.331802,252.50325,236.880005,232.007492
2021-04-29,132.691345,131.461945,250.469818,234.360001,235.396439
2021-04-30,130.683289,129.31102,250.142456,230.320007,232.116821
2021-05-03,131.756882,131.926773,249.825058,223.759995,231.172699
2021-05-04,127.094612,132.838196,245.787933,217.179993,230.596268
2021-05-05,127.34314,132.355118,244.478607,215.399994,227.793701
2021-05-06,128.97345,135.271652,247.71228,218.050003,229.890671
2021-05-07,129.660553,134.055145,250.420212,216.5,230.685715
2021-05-10,126.314713,134.709473,245.182861,213.889999,224.5737
2021-05-11,125.378677,132.912369,244.24054,215.559998,224.086746
2021-05-12,122.251923,130.221298,237.068985,210.539993,219.266708
2021-05-13,124.44265,132.866287,241.066391,211.860001,222.680466
2021-05-14,126.912178,133.336304,246.14505,217.660004,225.865326
2021-05-17,125.737152,133.73259,243.199036,215.059998,225.367676
2021-05-18,124.323151,132.626678,241.116028,214.330002,224.501816
2021-05-19,124.163826,131.96312,241.71254,221.339996,223.526443
2021-05-20,126.772766,132.599014,245.05307,223.779999,225.367676
2021-05-21,124.900703,133.391586,243.750671,222.580002,225.696121
2021-05-24,126.563652,133.373154,249.328201,226.990005,228.234039
2021-05-25,126.364502,132.516083,250.262756,227.710007,227.935471
2021-05-26,126.314713,132.138229,250.034088,229.679993,225.994705
2021-05-27,124.751335,132.543732,247.866699,225.830002,225.785706
2021-05-28,124.084167,132.470001,248.234543,238.100006,226.223618
2021-06-01,123.755562,132.88472,245.967758,236.199997,225.556778
2021-06-02,124.532265,134.294754,245.868332,234.619995,228.572433
2021-06-03,123.018684,134.138092,244.287552,230.839996,227.02977
2021-06-04,125.358765,135.861465,249.33812,237.479996,229.050156
2021-06-07,125.368721,136.414413,252.340652,238.139999,230.224594
2021-06-08,126.205177,137.382095,251.107849,236.419998,230.951126
2021-06-09,126.593529,138.856659,252.121918,236.089996,231.209885
2021-06-10,125.577835,138.736832,255.750793,240.190002,232.842117
2021-06-11,126.812599,139.418823,256.397034,240.309998,233.847351
2021-06-14,129.929382,138.26683,258.385468,246.259995,232.971512
2021-06-15,129.092926,137.649353,256.864288,242.580002,231.876709
2021-06-16,129.6008,136.239319,255.889969,242.389999,228.512726
2021-06-17,131.233856,134.184174,259.389618,244.429993,231.050644
2021-06-18,129.909485,131.898621,257.928101,242.779999,229.318878
2021-06-21,131.741699,135.151825,261.109589,244.479996,233.210373
2021-06-22,133.414627,134.884583,263.972931,243.110001,234.812744
2021-06-23,133.135803,133.27179,263.734283,241.839996,233.568665
2021-06-24,132.847031,134.036713,265.146088,243.770004,235.121292
2021-06-25,132.548294,135.32695,263.485748,241.869995,236.196182
2021-06-28,134.211243,133.898483,267.164337,244.570007,232.981461
2021-06-29,135.7547,134.138092,269.828796,245.809998,234.832657
2021-06-30,136.38205,135.096542,269.331726,244.270004,232.712753
2021-07-01,136.69075,135.32695,270.027679,244.979996,234.036438
2021-07-02,139.3694,129.041672,276.042633,248.199997,237.499969
2021-07-06,141.4207,127.898888,276.052582,250.25,238.465363
2021-07-07,143.959946,128.857346,278.309448,248.440002,238.86348
2021-07-08,142.635559,129.705231,275.813965,245.800003,235.489517
2021-07-09,144.497665,130.424057,276.330963,245.059998,237.340729
2021-07-12,143.890228,129.871109,275.714569,242.910004,236.743561
2021-07-13,145.025421,129.281281,279.353363,244.020004,241.202347
2021-07-14,148.520599,128.857346,280.874542,242.429993,244.825104
2021-07-15,147.853424,129.437943,279.403046,237.580002,247.372986
2021-07-16,145.772263,128.009476,279.124695,238.429993,246.945023
2021-07-19,141.848877,127.106331,275.406372,237.550003,239.27153
2021-07-20,145.533264,128.995575,277.702972,240.110001,241.55069
2021-07-21,144.786423,130.221298,279.770905,242.110001,242.506149
2021-07-22,146.180527,129.677567,284.48349,248.279999,242.983871
2021-07-23,147.93309,130.258163,287.993042,248.25,247.840759
2021-07-26,148.361282,131.57605,287.376617,247.600006,249.064926
2021-07-27,146.15065,131.557617,284.881195,243.509995,249.741699
2021-07-28,144.36821,130.654465,284.563019,243.960007,245.770599
2021-07-29,145.025421,130.80191,284.8414,244.039993,246.745972
2021-07-30,145.244476,129.907974,283.26062,241.929993,245.223206
2021-08-02,144.905945,130.331909,283.171143,240.860001,238.644501
2021-08-03,146.738159,132.774124,285.457794,241.130005,235.967239
2021-08-04,146.329895,131.566833,284.851349,244.169998,235.549255
2021-08-05,146.439423,131.57605,287.843903,250.559998,239.072495
2021-08-06,145.741333,132.792557,287.784271,250.589996,240.256836
2021-08-09,145.691467,131.67392,286.660797,249.320007,238.86348
2021-08-10,145.20282,131.795105,284.781769,243.389999,236.942627
2021-08-11,145.462097,132.494263,285.288818,242.279999,233.946854
2021-08-12,148.483841,133.370514,288.132263,248.389999,231.006836
2021-08-13,148.693283,133.473068,291.154633,251.559998,231.863937
2021-08-16,150.707748,133.85527,292.894531,249.199997,234.564774
2021-08-17,149.780304,132.764587,291.383301,246.990005,233.737579
2021-08-18,145.960739,130.014587,289.600281,251.220001,230.847382
2021-08-19,146.299805,128.662888,295.616791,253.070007,230.787598
2021-08-20,147.785751,129.679001,303.177307,256.130005,230.578293
2021-08-23,149.30162,130.154419,303.466156,260.519989,233.348892
2021-08-24,149.211838,130.359497,301.444061,259.660004,233.448563
2021-08-25,147.955276,130.378143,300.836456,260.850006,231.804138
2021-08-26,147.137512,129.371368,297.927765,267.790009,229.741135
2021-08-27,148.194641,129.958664,298.555328,266.529999,231.903793
2021-08-30,152.702301,129.548492,302.410309,264.970001,230.44873
2021-08-31,151.415817,130.825607,300.70694,265.269989,228.325928
2021-09-01,152.093964,129.856125,300.657135,268.320007,229.342484
2021-09-02,153.23085,130.517975,299.979767,264.149994,223.422546
2021-09-03,153.879089,130.117126,299.969818,267.079987,224.349411
2021-09-07,156.262573,128.70018,299.013519,265.209991,225.505493
2021-09-08,154.686874,129.268814,299.043427,262.619995,228.315964
2021-09-09,153.649719,128.401871,296.09491,260.73999,226.721375
2021-09-10,148.563614,127.73069,294.560883,257.200012,224.150101
2021-09-13,149.142044,128.784073,295.835938,254.110001,223.871033
2021-09-14,147.715927,126.984917,298.625092,254.369995,222.276443
2021-09-15,148.623444,127.898491,303.635529,256.160004,223.053802
2021-09-16,148.384094,127.180687,304.033936,260.359985,223.572037
2021-09-17,145.66156,126.062042,298.704742,260.529999,221.000763
2021-09-20,142.550079,125.204414,293.156372,258.220001,219.306503
2021-09-21,143.038727,123.955254,293.654449,257.970001,219.426102
2021-09-22,145.452133,125.502716,297.419739,259.170013,221.997375
2021-09-23,146.429474,127.460342,298.395935,277.859985,227.538605
2021-09-24,146.519211,128.168808,298.186768,285.630005,230.80751
2021-09-27,144.973434,129.16629,293.026917,279.679993,228.824234
2021-09-28,141.522873,128.150177,282.418274,272.279999,224.797882
2021-09-29,142.440384,129.744263,282.896423,270.5,225.914093
2021-09-30,141.113998,129.5112,280.824524,271.220001,221.997375
2021-10-01,142.260864,133.603577,287.976593,275.26001,229.681335
2021-10-04,138.760437,134.340012,282.009857,270.859985,223.970688
2021-10-05,140.725067,133.445114,287.637909,271.769989,223.522217
2021-10-06,141.61264,132.708664,291.971008,275.269989,225.744675
2021-10-07,142.899109,132.195938,293.704285,274.579987,229.771027
2021-10-08,142.510178,133.510345,293.704285,272.480011,229.491974
2021-10-11,142.420425,132.773926,293.0867,273.75,224.349411
2021-10-12,141.123978,130.946793,291.741913,279,223.292999
2021-10-13,140.52562,131.217133,295.158569,284.410004,221.708359
2021-10-14,143.367828,133.668839,301.573547,290.019989,224.419174
2021-10-15,144.444885,134.806122,303.027893,291.660004,230.209549
2021-10-18,146.150223,132.671387,306.095947,291.700012,229.870682
2021-10-19,148.354187,132.354431,307.032288,292.339996,232.731003
2021-10-20,148.852829,132.279846,306.215454,290.089996,230.638092
2021-10-21,149.07222,119.629829,309.55246,289.809998,229.462082
2021-10-22,148.284393,119.210335,307.958649,292.559998,230.44873
2021-10-25,148.234528,118.98661,306.932678,293.920013,233.089783
2021-10-26,148.912674,118.511185,308.904938,295.109985,231.036743
2021-10-27,148.443954,116.684059,321.914215,295.149994,215.050919
2021-10-28,152.153809,117.30864,323.08963,298.380005,209.130997
2021-10-29,149.391357,116.618813,330.33136,299.690002,211.054474
2021-11-01,148.55365,117.718811,328.090118,302.76001,211.742157
2021-11-02,149.610764,117.625587,331.83551,302.950012,208.433365
2021-11-03,151.076767,118.511185,332.702148,302.890015,207.396881
2021-11-04,150.548203,117.839157,335.13266,308.040009,208.074585
2021-11-05,151.087509,120.530403,334.75412,307.25,215.937927
2021-11-08,150.248581,121.437225,335.680481,309.959991,219.745026
2021-11-09,150.618103,119.411621,334.644562,309.709991,212.669006
2021-11-10,147.731781,118.789124,329.514557,299.670013,215.209869
2021-11-11,147.681839,118.838524,331.138214,302.980011,210.078217
2021-11-12,149.799149,117.544121,335.41156,306.649994,211.745499
2021-11-15,149.809128,117.455193,334.764099,305.48999,211.95517
2021-11-16,150.807861,117.050072,338.190735,307.089996,214.830475
2021-11-17,153.294693,116.654831,338.420227,308.019989,204.726929
2021-11-18,157.669113,115.2715,340.565796,302.98999,202.999741
2021-11-19,160.345718,114.668755,342.402008,301.170013,200.533752
2021-11-22,160.815109,115.083755,339.128754,296.839996,195.262329
2021-11-23,161.20462,115.399948,336.983215,291.420013,198.167603
2021-11-24,161.733948,115.340668,337.212738,289.170013,202.919861
2021-11-26,156.610474,114.43161,328.999725,284.209991,197.328949
2021-11-29,160.036102,117.089592,335.935394,296.73999,195.971161
2021-11-30,165.089676,115.706253,329.907837,284.959991,193.455261
2021-12-01,164.560349,115.528397,329.398895,251.5,189.851135
2021-12-02,163.55162,115.508636,328.810089,261.200012,197.967911
2021-12-03,161.634064,117.425545,322.343506,258.320007,196.001129
2021-12-06,165.10965,118.482819,325.516937,258.75,202.350784
2021-12-07,170.962173,120.132935,334.228912,266.98999,207.033173
2021-12-08,174.857224,121.555794,334.278809,266.309998,208.650543
2021-12-09,174.337875,122.099251,332.412659,264.320007,211.046646
2021-12-10,179.221664,122.61306,341.833191,266.029999,213.053375
2021-12-13,175.516388,121.121033,338.699646,265.76001,210.677246
2021-12-14,174.108185,122.286995,327.662476,255.589996,209.638931
2021-12-15,179.071854,121.64473,333.959473,260.040009,211.965149
2021-12-16,172.040802,124.43116,324.229584,253.119995,214.02179
2021-12-17,170.922241,125.883667,323.131836,252.929993,211.535858
2021-12-20,169.533997,125.547707,319.249878,247.210007,208.400955
2021-12-21,172.769882,127.434982,326.614655,252.550003,215.030167
2021-12-22,175.416504,128.205688,332.512482,252.800003,217.605972
2021-12-23,176.055695,129.075226,333.99939,253.139999,216.268143
2021-12-27,180.10054,130.053436,341.743378,258.299988,217.276505
2021-12-28,179.061859,131.051422,340.545837,255.449997,217.695831
2021-12-29,179.151749,131.762848,341.244415,254.539993,217.815628
2021-12-30,177.973251,132.316193,338.619843,255.330002,217.516113
2021-12-31,177.344055,132.069168,335.626038,254.130005,216.358002
2022-01-03,181.778397,134.420822,334.059265,255.460007,221.070328
2022-01-04,179.471344,136.377274,328.331116,248.229996,222.098663
2022-01-05,174.697418,136.57489,315.727173,227.669998,219.642654
2022-01-06,171.781143,133.729156,313.23233,229.149994,219.393066
2022-01-07,171.950928,133.225235,313.391998,228.309998,216.607605
2022-01-10,171.970901,133.422852,313.621521,229.630005,211.625702
2022-01-11,174.857224,131.288559,314.330078,234.839996,214.031784
2022-01-12,175.306641,131.999985,317.613251,237.830002,215.359634
2022-01-13,171.970901,133.156067,304.171051,228.630005,214.650772
2022-01-14,172.849792,132.612625,309.559937,231.229996,214.32132
2022-01-18,169.583939,131.357727,302.025482,226.059998,215.359634
2022-01-19,166.018478,130.013916,302.704071,226.270004,214.331284
2022-01-20,164.300659,129.26297,300.977661,222.940002,214.001846
2022-01-21,162.203354,127.810463,295.419159,218.630005,205.595505
2022-01-24,161.414337,127.286774,295.758453,223.029999,201.522141
2022-01-25,159.576691,134.480118,287.894714,215.389999,201.67189
2022-01-26,159.486801,132.662018,296.097748,211,205.535599
2022-01-27,159.01741,130.942734,299.221283,212.740005,205.81514
2022-01-28,170.113266,132.899155,307.623932,222.130005,227.629669
2022-01-31,174.557602,131.98024,310.338318,232.630005,225.802628
2022-02-01,174.387817,133.916901,308.122894,232.119995,231.982574
2022-02-02,175.616257,135.616425,312.813171,225.009995,235.037613
2022-02-03,172.679993,136.140121,300.628387,212.770004,231.16391
2022-02-04,172.389999,135.517609,305.308716,219.229996,228.019028
2022-02-07,171.660004,135.606552,300.32901,216.970001,226.791031
2022-02-08,174.830002,135.389175,303.931549,217.429993,227.569763
2022-02-09,176.279999,136.149994,310.56781,222.039993,230.494995
2022-02-10,172.119995,133.520004,301.756073,217.669998,225.589996
2022-02-11,168.639999,132.690002,294.431213,207.899994,224.690002
2022-02-14,168.880005,130.149994,294.391296,206.399994,225.339996
2022-02-15,172.789993,129.940002,299.850006,214.25,227.820007
2022-02-16,172.550003,129.179993,299.5,211.740005,228.820007
2022-02-17,168.880005,124.970001,290.730011,200.029999,224.610001
2022-02-18,167.300003,124.349998,287.929993,196.839996,222.690002
2022-02-22,164.320007,123.919998,287.720001,195.130005,221.320007
2022-02-23,160.070007,122.07,280.269989,190.539993,215.949997
2022-02-24,162.740005,121.970001,294.589996,204.289993,217.300003
2022-02-25,164.850006,124.18,297.309998,208.089996,219.270004
2022-02-28,165.119995,122.510002,298.790009,210.529999,216.119995
2022-03-01,163.199997,121.349998,294.950012,208.889999,208.970001
2022-03-02,166.559998,123.860001,300.190002,210.389999,208.479996
2022-03-03,166.229996,125.93,295.920013,204.75,207.229996
2022-03-04,163.169998,126.620003,289.859985,203.009995,200.289993
2022-03-07,159.300003,126.07,278.910004,196.229996,190.699997
2022-03-08,157.440002,125.68,275.850006,192.080002,191.710007
2022-03-09,162.949997,126.220001,288.5,203.160004,199.759995
2022-03-10,158.520004,124.349998,285.589996,200.149994,197.970001
2022-03-11,154.729996,123.959999,280.070007,197.899994,196.710007
2022-03-14,150.619995,123.940002,276.440002,193.119995,200.330002
2022-03-15,155.089996,125.639999,287.149994,196.139999,206.139999
2022-03-16,159.589996,127.040001,294.390015,205.570007,211.869995
2022-03-17,160.619995,127.959999,295.220001,210.410004,213.449997
2022-03-18,163.979996,128.759995,300.429993,218.800003,219.110001
2022-03-21,165.380005,128.100006,299.160004,213.720001,217.039993
2022-03-22,168.820007,129.059998,304.059998,218.210007,218.470001
2022-03-23,170.210007,128.300003,299.48999,211.110001,214.679993
2022-03-24,174.070007,129.25,304.100006,213.979996,217.309998
2022-03-25,174.720001,131.350006,303.679993,211.029999,218.429993
2022-03-28,175.600006,131.470001,310.700012,215.279999,220.770004
2022-03-29,178.960007,131.940002,315.410004,221.289993,228.119995
2022-03-30,177.770004,132.130005,313.859985,214.940002,223.949997
2022-03-31,174.610001,130.020004,308.309998,212.320007,221.770004
2022-04-01,174.309998,130.149994,309.420013,212.25,226.360001
2022-04-04,178.440002,130.270004,314.970001,218.850006,227.740005
2022-04-05,175.059998,128.889999,310.880005,210.139999,226.089996
2022-04-06,171.830002,129.389999,299.5,200.820007,219.009995
2022-04-07,172.139999,128.550003,301.369995,200.160004,216.149994
2022-04-08,170.089996,127.730003,296.970001,197.169998,216.979996
2022-04-11,165.75,126.370003,285.26001,195.449997,214.75
2022-04-12,167.660004,125.980003,282.059998,194.809998,211.399994
2022-04-13,170.399994,126.139999,287.619995,195.720001,213.270004
2022-04-14,165.289993,126.559998,279.829987,189.410004,212.789993
2022-04-18,165.070007,126.169998,280.519989,187.009995,213.169998
2022-04-19,167.399994,129.149994,285.299988,191.389999,215.699997
2022-04-20,167.229996,138.320007,286.359985,186.229996,217.789993
2022-04-21,166.419998,139.850006,280.809998,177.229996,216.449997
2022-04-22,161.789993,138.25,274.029999,171.429993,208.169998